topic_folder,subfolder,geographies,date_range,date_range_folder,date_range_year_var,unique_ids,smallest_geo,n_dicts,n_vars,has_P_dta,n_dta,dict_status,parse_errors
ADI_standardized,ADI_standardized,Block Group,,,,blkgrp_fips10; blkgrp_fips20,Block Group,3,12,Y,6,ok,
air_conditioning,air_conditioning,Census Tract (2010),,,,tract_fips10,Census Tract,1,8,Y,1,ok,
arts_entertainment_recreation,artsentleisure_1990-2021,"Census Tract (2010, 2020); ZCTA (2010, 2020)",1990-2021,1990-2021,1990-2021,tract_fips10; year; tract_fips20; zcta10; zcta20,Census Tract,4,176,Y,8,ok,
arts_entertainment_recreation,artsentleisure_1990-2022,"Census Tract (2010, 2020, 2022); ZCTA (2010, 2020)",1990-2022,1990-2022,1990-2022,tract_fips10; year; tract_fips20; tract_fips22; zcta10; zcta20,Census Tract,8,354,,4,ok,
arts_entertainment_recreation,artsentrec_tract_2003-2017,Census Tract (2010),2003-2017,2003-2017,2003-2017,tract_fips10; year,Census Tract,1,103,Y,1,ok,
arts_entertainment_recreation,artsentrec_tract_2006-2015,Census Tract (2010),2006-2015,2006-2015,,tract_fips10,Census Tract,9,234,Y,1,ok,
arts_entertainment_recreation,artsentrec_zcta_2003-2017,ZCTA (2019),2003-2017,2003-2017,2003-2017,zcta19; year,ZCTA,1,103,Y,1,ok,
broadband,broadband_fcc_tract_2014-2018,Census Tract (2010),2014-2018,2014-2018,2014-2018,tract_fips10; year,Census Tract,1,10,Y,1,ok,
broadband,broadband_fcc_tract_2014-2020,Census Tract (2010),2014-2020,2014-2020,2014-2020,tract_fips10; year,Census Tract,1,8,Y,1,ok,
broadband,broadband_fcc_zcta_2014-2018,ZCTA (2019),2014-2018,2014-2018,2014-2018,zcta19; year,ZCTA,1,8,Y,1,ok,
broadband,broadband_fcc_zcta_2014-2020,ZCTA,2014-2020,2014-2020,,,ZCTA,1,11,Y,4,ok,
broadband,broadband_tract_zcta_2025,"Census Tract (2020, 2022); ZCTA (2020)",2025,2025,,tract_fips20; tract_fips22; zcta20,Census Tract,4,338,Y,4,ok,
broadband,internet_access_acs_tract_2015-2019,Census Tract (2010),2015-2019,2015-2019,,tract_fips10,Census Tract,1,26,Y,1,ok,
broadband,internet_access_acs_zcta_2015_2019,ZCTA (2019),2015-2019,2015-2019,,zcta19,ZCTA,1,26,Y,1,ok,
crime,crime_county_2002-2014,County,2002-2014,2002-2014,2002-2014,STCOFIPS; year,County,1,25,Y,1,ok,
dollar_stores,dollar_stores_1990-2021,"Census Tract (2010, 2020); ZCTA (2010, 2020)",1990-2021,1990-2021,1990-2021,tract_fips10; year; tract_fips20; zcta10; zcta20,Census Tract,4,32,Y,8,ok,
dollar_stores,dollar_stores_1990-2022,"Census Tract (2010, 2020, 2022); ZCTA (2010, 2020)",1990-2022,1990-2022,1990-2022,tract_fips10; year; tract_fips20; tract_fips22; zcta10; zcta20,Census Tract,8,66,,4,ok,
dollar_stores,dollar_tract_2003-2017,Census Tract (2010),2003-2017,2003-2017,2003-2017,tract_fips10; year,Census Tract,1,13,Y,1,ok,
dollar_stores,dollar_zcta_2003-2017,ZCTA (2019),2003-2017,2003-2017,2003-2017,zcta19; year,ZCTA,1,13,Y,1,ok,
eating_drinking,eatdrink_1990-2021,"Census Tract (2010, 2020); ZCTA (2010, 2020)",1990-2021,1990-2021,1990-2021,tract_fips10; year; tract_fips20; zcta10; zcta20,Census Tract,4,144,Y,8,ok,
eating_drinking,eatdrink_1990-2022,"Census Tract (2010, 2020, 2022); ZCTA (2010, 2020)",1990-2022,1990-2022,1990-2022,tract_fips10; year; tract_fips20; tract_fips22; zcta10; zcta20,Census Tract,9,326,,4,ok,
eating_drinking,eatdrink_tract_2003-2017,Census Tract (2010),2003-2017,2003-2017,2003-2017,tract_fips10; year,Census Tract,1,49,Y,1,ok,
eating_drinking,eatdrink_tract_2006-2015,Census Tract (2010),2006-2015,2006-2015,,tract_fips10,Census Tract,4,104,Y,1,ok,
eating_drinking,eatdrink_zcta_2003-2017,ZCTA (2019),2003-2017,2003-2017,2003-2017,zcta19; year,ZCTA,1,49,Y,1,ok,
education_training,edtrain_tract_2003-2017,Census Tract (2010),2003-2017,2003-2017,2003-2017,tract_fips10; year,Census Tract,1,139,Y,1,ok,
education_training,edtrain_zcta_2003-2017,ZCTA (2019),2003-2017,2003-2017,2003-2017,zcta19; year,ZCTA,1,139,Y,1,ok,
education_training,schools_nets_tract_2006-2015,Census Tract (2010),2006-2015,2006-2015,,tract_fips10,Census Tract,1,26,,1,ok,
essential_businesses,essential_businesses,"Census Tract (2010, 2020, 2022); ZCTA (2010, 2020)",2020,,2020,tract_fips10; year; tract_fips20; tract_fips22; zcta10; zcta20,Census Tract,12,1869,Y,13,ok,
essential_workers,ewrkr_2016-2020,Census Tract (2020); ZCTA (2020),2016-2020,2016-2020,,tract_fips20; zcta20,Census Tract,2,8,,2,ok,
essential_workers,ewrkr_2018-2022,"Census Tract (2020, 2022); ZCTA (2020)",2018-2022,2018-2022,,tract_fips20; tract_fips22; zcta_fips20,Census Tract,5,22,,3,ok,
grocery_stores,grocery_1990-2021,"Census Tract (2010, 2020); ZCTA (2010, 2020)",1990-2021,1990-2021,1990-2021,tract_fips10; year; tract_fips20; zcta10; zcta20,Census Tract,4,112,Y,8,ok,
grocery_stores,grocery_1990-2022,"Census Tract (2010, 2020, 2022); ZCTA (2010, 2020)",1990-2022,1990-2022,1990-2022,tract_fips10; year; tract_fips20; tract_fips22; zcta10; zcta20,Census Tract,8,226,,4,ok,
grocery_stores,grocery_tract_2003-2017,Census Tract (2010),2003-2017,2003-2017,2003-2017,tract_fips10; year,Census Tract,1,31,Y,1,ok,
grocery_stores,grocery_zcta_2003-2017,ZCTA (2019),2003-2017,2003-2017,2003-2017,zcta19; year,ZCTA,1,31,Y,1,ok,
health_care_nets,health_care_nets_1990-2021,"Census Tract (2010, 2020); ZCTA (2010, 2020)",1990-2021,1990-2021,1990-2021,tract_fips10; year; tract_fips20; zcta10; zcta20,Census Tract,4,336,Y,8,ok,
health_care_nets,health_care_nets_1990-2022,"Census Tract (2010, 2020, 2022); ZCTA (2010, 2020)",1990-2022,1990-2022,1990-2022,tract_fips10; year; tract_fips20; tract_fips22; zcta10; zcta20,Census Tract,8,674,,4,ok,
health_care_nets,health_care_nets_tract_2003-2017,Census Tract (2010),2003-2017,2003-2017,2003-2017,tract_fips10; year,Census Tract,3,741,Y,3,ok,
health_care_nets,health_care_nets_tract_2006-2015,Census Tract (2010),2006-2015,2006-2015,,tract_fips10,Census Tract,4,104,,3,ok,
health_care_nets,health_care_nets_zcta_2003-2017,ZCTA (2019),2003-2017,2003-2017,2003-2017,zcta19; year,ZCTA,4,970,Y,4,ok,
HMDA,HMDA,Census Tract (2010),,,,tract_fips10; year,Census Tract,3,317,,48,ok,
hospitals,2023,"Census Tract (2010, 2020); ZCTA (2010, 2020)",2023,2023,,tract_fips10; tract_fips20; zcta10; zcta20,Census Tract,4,432,,4,ok,
land_cover,landcover_1985-2023,"Census Tract (2010, 2020); ZCTA (2010, 2020)",1985-2023,1985-2023,,tract_fips10; year; tract_fips20; zcta10; zcta20,Census Tract,8,272,,36,ok,
land_cover,landcover_tract_2001-2016,Census Tract,2001-2016,2001-2016,,tract_fips,Census Tract,1,37,Y,2,ok,
land_cover,landcover_zcta_2001-2016,ZCTA (2019),2001-2016,2001-2016,,zcta19,ZCTA,1,38,Y,1,ok,
law_enforcement,justice_safety_tract_2006-2015,Census Tract (2010),2006-2015,2006-2015,,tract_fips10,Census Tract,2,52,Y,2,ok,
law_enforcement,lawenf_1990-2021,"Census Tract (2010, 2020); ZCTA (2010, 2020)",1990-2021,1990-2021,1990-2021,tract_fips10; year; tract_fips20; zcta10; zcta20,Census Tract,4,96,Y,8,ok,
law_enforcement,lawenf_1990-2022,"Census Tract (2010, 2020, 2022); ZCTA (2010, 2020)",1990-2022,1990-2022,1990-2022,tract_fips10; year; tract_fips20; tract_fips22; zcta10; zcta20,Census Tract,8,194,,4,ok,
law_enforcement,lawenf_tract_2003-2017,Census Tract (2010),2003-2017,2003-2017,2003-2017,tract_fips10; year,Census Tract,1,76,Y,1,ok,
law_enforcement,lawenf_zcta_2003-2017,ZCTA (2019),2003-2017,2003-2017,2003-2017,zcta19; year,ZCTA,1,76,Y,1,ok,
libraries,libraries_1992-2020,"Census Tract (2010, 2020); ZCTA (2010, 2020)",1992-2020,1992-2020,1992-2021,tract_fips10; year; tract_fips20; zcta10; zcta20,Census Tract,5,35,,4,ok,
liquor_tobacco_convenience,lqtbcan_tractZCTA_1990-2022,"Census Tract (2010, 2020, 2022); ZCTA (2010, 2020)",1990-2022,1990-2022,1990-2022,tract_fips10; year; tract_fips20; tract_fips22; zcta10; zcta20,Census Tract,8,194,,4,ok,
liquor_tobacco_convenience,lqtbcon_tract_2003-2017,Census Tract (2010),2003-2017,2003-2017,2003-2017,tract_fips10; year,Census Tract,1,40,Y,1,ok,
liquor_tobacco_convenience,lqtbcon_tractZCTA_1990-2021,"Census Tract (2010, 2020); ZCTA (2010, 2020)",1990-2021,1990-2021,1990-2021,tract_fips10; year; tract_fips20; zcta10; zcta20,Census Tract,4,96,Y,8,ok,
liquor_tobacco_convenience,lqtbcon_zcta_2003-2017,ZCTA (2019),2003-2017,2003-2017,2003-2017,zcta19; year,ZCTA,1,40,Y,1,ok,
NHPD,NHPD_TractZCTA_2017-2024,"Census Tract (2010, 2020, 2022); ZCTA (2010, 2020)",2017-2024,2017-2024,,tract_fips10; tract_fips20; tract_fips22; zcta10; zcta20,Census Tract,4,2551,,4,ok,
opthamologists,opthamologists,"Census Tract (2010, 2020); ZCTA (2010, 2020)",1990-2021,,1990-2021,tract_fips10; year; tract_fips20; zcta10; zcta20,Census Tract,4,32,Y,8,ok,
parks,parks_tract20_2022,Census Tract (2020),2022,2022,,tract_fips20,Census Tract,1,11,,1,ok,
parks,parks_tract_2018,Census Tract (2010),2018,2018,,tract_fips; tract_fips10,Census Tract,1,12,Y,1,ok,
parks,parks_tractzcta_2024,"Census Tract (2020, 2022); ZCTA (2020)",2024,2024,,tract_fips20; tract_fips22; zcta20,Census Tract,2,66,Y,4,ok,
parks,parks_zcta20_2022,ZCTA (2020),2022,2022,,zcta20,ZCTA,1,11,,1,ok,
parks,parks_zcta_2018,ZCTA (2019),2018,2018,,zcta19,ZCTA,1,11,Y,3,ok,
personal_care_laundromats,pclaund_tract_2003-2017,Census Tract (2010),2003-2017,2003-2017,2003-2017,tract_fips10; year,Census Tract,1,58,Y,1,ok,
personal_care_laundromats,pclaund_tractZCTA_1990-2021,"Census Tract (2010, 2020); ZCTA (2010, 2020)",1990-2021,1990-2021,1990-2021,tract_fips10; year; tract_fips20; zcta10; zcta20,Census Tract,4,80,Y,8,ok,
personal_care_laundromats,pclaund_tractZCTA_1990-2022,"Census Tract (2010, 2020, 2022); ZCTA (2010, 2020)",1990-2022,1990-2022,1990-2022,tract_fips10; year; tract_fips20; tract_fips22; zcta10; zcta20,Census Tract,8,162,,4,ok,
personal_care_laundromats,pclaund_zcta_2003-2017,ZCTA (2019),2003-2017,2003-2017,2003-2017,zcta19; year,ZCTA,1,58,Y,1,ok,
personal_care_laundromats,personal_services_tract_2006-2015,Census Tract (2010),2006-2015,2006-2015,,tract_fips10,Census Tract,2,52,Y,1,ok,
pollution,polluting_sites_tract20_1987-2021,Census Tract (2020),1987-2021,1987-2021,,tract_fips20; year,Census Tract,1,3,,1,ok,
pollution,polluting_sites_tract_2000-2018,,2000-2018,2000-2018,,,,0,0,Y,1,NO_DICT,
pollution,polluting_sites_zcta20_1987-2021,ZCTA (2020),1987-2021,1987-2021,,zcta20; year,ZCTA,1,3,,1,ok,
pollution,polluting_sites_zcta_2000-2018,ZCTA (2019),2000-2018,2000-2018,2000-2018,zcta19; year,ZCTA,1,3,Y,1,ok,
post_offices_banks,pobank_1990-2021,"Census Tract (2010, 2020); ZCTA (2010, 2020)",1990-2021,1990-2021,1990-2021,tract_fips10; year; tract_fips20; zcta20; zcta10,Census Tract,4,64,Y,8,ok,
post_offices_banks,pobank_1990-2022,"Census Tract (2010, 2020, 2022); ZCTA (2010, 2020)",1990-2022,1990-2022,1990-2022,tract_fips10; year; tract_fips20; tract_fips22; zcta10; zcta20,Census Tract,4,65,Y,8,ok,
post_offices_banks,pobank_tract_2003-2017,Census Tract (2010),2003-2017,2003-2017,2003-2017,tract_fips10; year,Census Tract,2,71,Y,2,ok,
post_offices_banks,pobank_zcta_2003-2017,ZCTA (2019),2003-2017,2003-2017,2003-2017,zcta19; year,ZCTA,1,31,Y,1,ok,
PRISM,daily,"Census Tract (2010, 2020)",,,,tract_fips10; tract_fips20,Census Tract,8,48,,44,ok,
PRISM,ppt,"Census Tract (2010, 2020)",2000-2009,,2000-2009,year; tract_fips10; tract_fips20,Census Tract,4,56,Y,145,ok,
PRISM,tmax,"Census Tract (2010, 2020)",2010-2019,,2010-2019,tract_fips10; year; tract_fips20,Census Tract,4,59,Y,74,ok,
PRISM,tmin,"Census Tract (2010, 2020)",2010-2019,,2010-2019,tract_fips10; year; tract_fips20,Census Tract,4,56,,74,ok,
public_transit,transit_tract2024,Census Tract (2020),2024,2024,,tract_fips20,Census Tract,1,6,Y,2,ok,
public_transit,transit_tract_2016-2018,Census Tract,2016-2018,2016-2018,,tract_fips,Census Tract,1,6,Y,5,ok,
public_transit,transit_zcta2024,ZCTA (2020),2024,2024,,zcta20,ZCTA,1,6,Y,2,ok,
public_transit,transit_zcta_2016-2018,ZCTA (2019),2016-2018,2016-2018,,zcta19,ZCTA,2,10,Y,2,ok,
public_transit_quality,Accessibility,"Census Tract (2020, 2022)",,,,tract_fips20; tract_fips22,Census Tract,4,72,Y,8,ok,
public_transit_quality,Accommodation,,,,,,,7,120,Y,14,ok,
public_transit_quality,Adjacency,"Census Tract (2020, 2022)",,,,tract_fips20; tract_fips22,Census Tract,1,14,Y,2,ok,
public_transit_quality,Affordability,,,,,,,1,10,Y,2,ok,
public_transit_quality,Availability,"Census Tract (2020, 2022)",,,,tract_fips20; tract_fips22,Census Tract,1,7,Y,2,ok,
public_transit_quality,TransitFunding,,,,,,,1,8,Y,2,ok,
recreation,recreation_1990-2021,"Census Tract (2010, 2020); ZCTA (2010, 2020)",1990-2021,1990-2021,1990-2021,tract_fips10; year; tract_fips20; zcta10; zcta20,Census Tract,4,112,Y,8,ok,
recreation,recreation_1990-2022,"Census Tract (2010, 2020, 2022); ZCTA (2010, 2020)",1990-2022,1990-2022,1990-2022,tract_fips10; year; tract_fips20; tract_fips22; zcta10; zcta20,Census Tract,8,226,,4,ok,
religious_civic_social_orgs,relcivsoc_1990-2021,"Census Tract (2010, 2020); ZCTA (2010, 2020)",1990-2021,1990-2021,1990-2021,tract_fips10; year; tract_fips20; zcta10; zcta20,Census Tract,9,192,Y,8,ok,
religious_civic_social_orgs,relcivsoc_1990-2022,"Census Tract (2010, 2020, 2022); ZCTA (2010, 2020)",1990-2022,1990-2022,1990-2022,tract_fips10; year; tract_fips20; tract_fips22; zcta10; zcta20,Census Tract,8,194,,4,ok,
religious_civic_social_orgs,relcivsoc_tract_2003-2017,Census Tract (2010),2003-2017,2003-2017,2003-2017,tract_fips10; year,Census Tract,1,22,Y,1,ok,
religious_civic_social_orgs,relcivsoc_tract_2006-2015,Census Tract (2010),2006-2015,2006-2015,,tract_fips10,Census Tract,2,52,Y,1,ok,
religious_civic_social_orgs,relcivsoc_zcta10_1990-2021,ZCTA (2010),1990-2021,1990-2021,,zcta10; year,ZCTA,2,48,,2,ok,
religious_civic_social_orgs,relcivsoc_zcta_2003-2017,ZCTA (2019),2003-2017,2003-2017,2003-2017,zcta19; year,ZCTA,1,22,Y,1,ok,
retail_establishments,retail_1990-2021,"Census Tract (2010, 2020); ZCTA (2010, 2020)",1990-2021,1990-2021,1990-2021,year; tract_fips20; zcta10; zcta20,Census Tract,4,159,Y,8,ok,
retail_establishments,retail_1990-2022,"Census Tract (2010, 2020, 2022); ZCTA (2010, 2020)",1990-2022,1990-2022,1990-2022,tract_fips10; year; tract_fips20; tract_fips22; zcta10; zcta20,Census Tract,8,322,,4,ok,
retail_establishments,retail_tract_2003-2017,Census Tract (2010),2003-2017,2003-2017,2003-2017,tract_fips10; year,Census Tract,1,94,Y,1,ok,
retail_establishments,retail_tract_2006-2015,Census Tract (2010),2006-2015,2006-2015,,tract_fips10,Census Tract,12,312,Y,1,ok,
retail_establishments,retail_zcta_2003-2017,ZCTA (2019),2003-2017,2003-2017,2003-2017,zcta19; year,ZCTA,1,94,Y,1,ok,
schools,neighborhood_school_gap_tract_0910_1516,Census Tract (2010),2009-2016,,2009-2016,tract_fips10; year,Census Tract,2,18,Y,2,ok,
schools,neighborhood_school_gap_tract_supp_0910_1516,Census Tract (2010),2009-2010,,2009-2010,tract_fips10; year,Census Tract,2,192,Y,2,ok,
schools,neighborhood_school_gap_zcta_0910_1516,ZCTA (2019),2009-2016,,2009-2016,zcta19; year,ZCTA,2,18,Y,2,ok,
schools,neighborhood_school_gap_zcta_supp_0910_1516,ZCTA (2019),2009-2010,,2009-2010,zcta19; year,ZCTA,2,192,Y,2,ok,
schools,school_counts_tract_2000-2018,Census Tract (2010),2000-2018,2000-2018,2000-2018,tract_fips10; year,Census Tract,1,26,Y,1,ok,
schools,school_counts_zcta_2000-2018,ZCTA (2019),2000-2018,2000-2018,2000-2018,zcta19; year,ZCTA,1,26,Y,1,ok,
schools,schools_district_2000-2018,School District,2000-2018,2000-2018,2000-2018,leaid; year,School District,1,69,Y,1,ok,
ses_demographics,sesdem_2018-2022,"Census Tract (2010, 2020); ZCTA (2020)",2018-2022,2018-2022,,tract_fips10; tract_fips20; zcta20,Census Tract,6,234,,7,ok,
ses_demographics,sesdem_2019-2023,"Census Tract (2010, 2020, 2022); ZCTA (2020)",2019-2023,2019-2023,,tract_fips10; tract_fips20; tract_fips22; zcta20,Census Tract,6,296,Y,6,ok,
ses_demographics,sesdem_2020-2024,"Census Tract (2010, 2020, 2022); ZCTA (2020)",2020-2024,2020-2024,,tract_fips10; tract_fips20; tract_fips22; zcta20,Census Tract,6,296,Y,3,ok,
ses_demographics,sesdem_tract_1990,Census Tract (2010),1990,1990,,tract_fips10,Census Tract,1,33,,1,ok,
ses_demographics,sesdem_tract_1990-2010,Census Tract (2010),1990-2010,1990-2010,,tract_fips10,Census Tract,1,673,Y,2,ok,
ses_demographics,sesdem_tract_2000-2010,Census Tract (2010),2000-2010,2000-2010,,tract_fips10,Census Tract,2,706,Y,3,ok,
ses_demographics,sesdem_tract_2008-2017,Census Tract (2010),2008-2017,2008-2017,,tract_fips10,Census Tract,3,198,Y,3,ok,
ses_demographics,sesdem_tract_2016-2020,Census Tract (2020),2016-2020,2016-2020,,tract_fips20,Census Tract,1,39,Y,3,ok,
ses_demographics,sesdem_zcta_2008-2017,ZCTA (2010),2008-2017,2008-2017,,zcta10,ZCTA,1,66,Y,1,ok,
ses_demographics,sesdem_zcta_2016-2020,ZCTA (2020),2016-2020,2016-2020,,zcta20,ZCTA,1,39,Y,2,ok,
ses_demographics,totpop_zcta_2000-2010,ZCTA (2010),2000-2010,2000-2010,,zcta10,ZCTA,1,12,,1,ok,
social_services,social_services_1990-2021,"Census Tract (2010, 2020); ZCTA (2010, 2020)",1990-2021,1990-2021,1990-2021,tract_fips10; year; tract_fips20; zcta10; zcta20,Census Tract,8,285,Y,8,ok,
social_services,social_services_1990-2022,"Census Tract (2010, 2020, 2022); ZCTA (2010, 2020)",1990-2022,1990-2022,1990-2022,tract_fips10; year; tract_fips20; tract_fips22; zcta10; zcta20,Census Tract,8,322,,4,ok,
social_services,social_services_tract_2003-2017,Census Tract (2010),2003-2017,2003-2017,2003-2017,tract_fips10; year,Census Tract,1,85,Y,1,ok,
social_services,social_services_tract_2006-2015,Census Tract (2010),2006-2015,2006-2015,,tract_fips10,Census Tract,3,218,Y,1,ok,
social_services,social_services_zcta_2003-2017,ZCTA (2019),2003-2017,2003-2017,2003-2017,zcta19; year,ZCTA,1,85,Y,1,ok,
street_connectivity,street_connectivity_tract_2010,Census Tract (2010),2010,2010,,tract_fips10,Census Tract,2,32,Y,2,ok,
street_connectivity,street_connectivity_tract_2020,Census Tract (2020),2020,2020,,tract_fips20,Census Tract,2,16,Y,3,ok,nanda_stconnect_tract_2020_01_data_dictionary.xlsx: BadZipFile: File is not a zip file
street_connectivity,street_connectivity_zcta_2010,ZCTA,2010,2010,,zcta,ZCTA,1,16,Y,1,ok,
street_connectivity,street_connectivity_zcta_2020,ZCTA,2020,2020,,zcta,ZCTA,3,48,Y,5,ok,
traffic,street_type_tract_2010,Census Tract (2010),2010,2010,,tract_fips10,Census Tract,2,30,Y,2,ok,
traffic,street_type_tract_2020,Census Tract (2020),2020,2020,,tract_fips20,Census Tract,2,30,,2,ok,
traffic,street_type_zcta_2010,ZCTA,2010,2010,,zcta,ZCTA,1,15,Y,1,ok,
traffic,street_type_zcta_2020,ZCTA (2020),2020,2020,,zcta20,ZCTA,2,30,,2,ok,
traffic,traffic_volume_interpolated_zcta_1963-2019,ZCTA (2019),1963-2019,1963-2019,1963-2019,zcta19; year,ZCTA,1,22,Y,1,ok,
traffic,traffic_volume_noninterpolated_tract_1963-2019,Census Tract (2010),1963-2019,1963-2019,1963-2019,tract_fips10; year,Census Tract,1,21,Y,1,ok,
traffic,traffic_volume_noninterpolated_zcta_1963-2019,ZCTA (2019),1963-2019,1963-2019,1963-2019,zcta19; year,ZCTA,1,21,,1,ok,
training_vocation,training_vocation_1990-2022,"Census Tract (2010, 2020, 2022); ZCTA (2010, 2020)",1990-2022,1990-2022,1990-2022,tract_fips10; year; tract_fips20; tract_fips22; zcta10; zcta20,Census Tract,4,209,Y,8,ok,
urbanicity,urbanicity_ruca_zip_2010,ZIP,2010,2010,,zip_code,ZIP,1,6,,1,ok,
urbanicity,urbanicity_tract_2010,Census Tract (2010),2010,2010,,tract_fips10; tract_fips,Census Tract,2,46,Y,2,ok,
voting,voting_county_2004-2018,County,2004-2018,2004-2018,2000-2018,stcofips; year,County,1,18,Y,2,ok,
voting,voting_county_2004-2022,,2004-2022,2004-2022,,,,0,0,,2,NO_DICT,
voting,voting_county_2018-2022,County (2020),2018-2022,2018-2022,,stcofips20; year,County,2,37,,2,ok,
weather,cold_days_p1_county_2002-2016,County (2010),2002-2016,2002-2016,,stcofips10,County,32,649,,15,ok,
weather,cold_days_p5_county_2002-2016,County (2010),2002-2016,2002-2016,,stcofips10,County,1,34,,15,ok,
weather,cold_days_precip_county_2002-2016,County (2010),2002-2016,2002-2016,,stcofips10,County,1,34,,16,ok,
weather,freezing_days_county_2002-2016,County (2010),2002-2016,2002-2016,,stcofips10,County,2,52,,14,ok,
weather,freezing_days_precip_county_2002-2016,County (2010),2002-2016,2002-2016,,stcofips10,County,1,34,,15,ok,
weather,hot_days_p95_county_2002-2016,County (2010),2002-2016,2002-2016,,stcofips10,County,1,34,,15,ok,
weather,hot_days_p99_county_2002-2016,,2002-2016,2002-2016,,,,0,0,,15,NO_DICT,
weather,rainsnow_county_2002-2016,County (2010),2002-2016,2002-2016,,stcofips10,County,1,34,,15,ok,
weather,rainy_days_county_2002-2016,County (2010),2002-2016,2002-2016,,stcofips10,County,1,34,,15,ok,
weather,snowy_days_county_2002-2016,County (2010),2002-2016,2002-2016,,stcofips10,County,31,630,,15,ok,
weather,temp_30y_avg_county_1981-2010,County (2010),1981-2010,1981-2010,,stcofips10,County,1,3,,1,ok,
weather,temp_30y_daily_avg_county_1981-2010,County (2010),1981-2010,1981-2010,,stcofips10,County,1,4,,1,ok,
weather,temp_daily_avg_county_2002-2016,County (2010),2002-2016,2002-2016,,stcofips10,County,1,25,,15,ok,
