study_id,status,title,version,version_date,seed_doi,resolve_doi_used,related_to_doi,url,authors,topic_folder,subfolder,geographies,date_range,unique_ids,smallest_geo,match_flag
38506,current,"Voter Registration, Turnout, and Partisanship by County, United States, 2004-2022",V2,10/14/2024,10.3886/ICPSR38506.v2,10.3886/ICPSR38506.v2,,https://www.icpsr.umich.edu/web/ICPSR/studies/38506/versions/V2,Will Clary; Iris N. Gomez-Lopez; Megan Chenoweth; Lindsay Gypin; Philippa Clarke; Grace Noppert; Mao Li; Ken Kollman,voting,voting_county_2004-2022,,2004-2022,,,NO_DICT
38528,current,"Socioeconomic Status and Demographic Characteristics of Census Tracts and ZIP Code Tabulation Areas, United States, 1990-2022",V6,10/27/2025,10.3886/ICPSR38528.v6,10.3886/ICPSR38528.v6,,https://www.icpsr.umich.edu/web/ICPSR/studies/38528/versions/V6,Philippa Clarke; Robert Melendez; Grace Noppert; Megan Chenoweth; Lindsay Gypin,ses_demographics,sesdem_2018-2022,"Census Tract (2010, 2020); ZCTA (2020)",2018-2022,tract_fips10; tract_fips20; zcta20,Census Tract,
38559,current,"Internet Access by Census Tract and ZIP Code Tabulation Area, United States, 2015-2019",V1,9/29/2022,10.3886/ICPSR38559.v1,10.3886/ICPSR38559.v1,,https://www.icpsr.umich.edu/web/ICPSR/studies/38559/versions/V1,Mao Li; Iris Gomez-Lopez; Anam Khan; Philippa Clarke; Megan Chenoweth,broadband,internet_access_acs_tract_2015-2019; internet_access_acs_zcta_2015_2019,Census Tract (2010); ZCTA (2019),2015-2019,tract_fips10; zcta19,Census Tract,MULTI_SUBFOLDER
38567,current,"Broadband Internet Availability, Speed, and Adoption by Census Tract and ZIP Code Tabulation Area, United States, 2014-2020",V1,11/14/2022,10.3886/ICPSR38567.v1,10.3886/ICPSR38567.v1,,https://www.icpsr.umich.edu/web/ICPSR/studies/38567/versions/V1,Mao Li; Iris Gomez-Lopez; Anam Khan; Philippa Clarke; Megan Chenoweth,broadband,broadband_fcc_tract_2014-2020; broadband_fcc_zcta_2014-2020,Census Tract (2010); ZCTA,2014-2020,tract_fips10; year,Census Tract,MULTI_SUBFOLDER
38569,current,"School District Characteristics and School Counts by Census Tract, ZIP Code Tabulation Area, and School District, 2000-2018",V1,10/10/2022,10.3886/ICPSR38569.v1,10.3886/ICPSR38569.v1,,https://www.icpsr.umich.edu/web/ICPSR/studies/38569/versions/V1,Min Hee Kim; Mao Li; Dominique Sylvers; Michael Esposito; Iris Gomez-Lopez; Philippa Clarke; Megan Chenoweth,schools,school_counts_tract_2000-2018; school_counts_zcta_2000-2018; schools_district_2000-2018,Census Tract (2010); ZCTA (2019); School District,2000-2018,tract_fips10; year; zcta19; leaid,Census Tract,MULTI_SUBFOLDER
38579,current,"Neighborhood-School Gap by Census Tract and ZIP Code Tabulation Area, United States, 2009-2010 and 2015-2016",V2,11/14/2022,10.3886/ICPSR38579.v2,10.3886/ICPSR38579.v2,,https://www.icpsr.umich.edu/web/ICPSR/studies/38579/versions/V2,Iris Gomez-Lopez; Min Hee Kim; Mao Li; Dominique Sylvers; Michael Esposito; Philippa Clarke; Megan Chenoweth,schools,neighborhood_school_gap_tract_0910_1516; neighborhood_school_gap_zcta_0910_1516,Census Tract (2010); ZCTA (2019),2009-2016,tract_fips10; year; zcta19,Census Tract,MULTI_SUBFOLDER
38580,current,"Street Connectivity by Census Tract and ZIP Code Tabulation Area, United States, 2010 and 2020",V3,11/19/2025,10.3886/ICPSR38580.v3,10.3886/ICPSR38580.v3,,https://www.icpsr.umich.edu/web/ICPSR/studies/38580/versions/V3,Jennifer Ailshire; Robert Melendez; Megan Chenoweth; Lindsay Gypin,street_connectivity,street_connectivity_tract_2010; street_connectivity_tract_2020; street_connectivity_zcta_2010; street_connectivity_zcta_2020,Census Tract (2010); Census Tract (2020); ZCTA,2010; 2020,tract_fips10; tract_fips20; zcta,Census Tract,MULTI_SUBFOLDER
38584,current,"Traffic Volume by Census Tract and ZIP Code Tabulation Area, United States, 1963-2019",V2,11/10/2022,10.3886/ICPSR38584.v2,10.3886/ICPSR38584.v2,,https://www.icpsr.umich.edu/web/ICPSR/studies/38584/versions/V2,Jessica M. Finlay; Robert Melendez; Michael Esposito; Anam Khan; Mao Li; Iris Gomez-Lopez; Philippa Clarke; Megan Chenoweth,traffic,traffic_volume_interpolated_zcta_1963-2019; traffic_volume_noninterpolated_tract_1963-2019,ZCTA (2019); Census Tract (2010),1963-2019,zcta19; year; tract_fips10,Census Tract,MULTI_SUBFOLDER
38585,current,"Primary and Secondary Roads by Census Tract and ZIP Code Tabulation Area, United States, 2010 and 2020",V2,5/20/2024,10.3886/ICPSR38585.v2,10.3886/ICPSR38585.v2,,https://www.icpsr.umich.edu/web/ICPSR/studies/38585/versions/V2,Longrong Pan; Robert Melendez; Philippa Clarke; Grace Noppert; Lindsay Gypin,traffic,street_type_tract_2010; street_type_zcta_2010,Census Tract (2010); ZCTA,2010,tract_fips10; zcta,Census Tract,MULTI_SUBFOLDER
38586,current,"Parks by Census Tract and ZIP Code Tabulation Area, United States, 2018 and 2022",V2,11/29/2023,10.3886/ICPSR38586.v2,10.3886/ICPSR38586.v2,,https://archive.icpsr.umich.edu/view/studies/38586/versions/V2,Robert Melendez; Longrong Pan; Mao Li; Anam Khan; Iris Gomez-Lopez; Philippa Clarke; Megan Chenoweth; Lindsay Gypin; Birch Chemberlin,parks,parks_tract_2018; parks_zcta_2018,Census Tract (2010); ZCTA (2019),2018,tract_fips; tract_fips10; zcta19,Census Tract,MULTI_SUBFOLDER
38597,current,"Polluting Sites by Census Tract and ZIP Code Tabulation Area, United States, 1987-2021",V2,12/4/2023,10.3886/ICPSR38597.v2,10.3886/ICPSR38597.v2,,https://www.icpsr.umich.edu/web/ICPSR/studies/38597/versions/V2,Jessica M. Finlay; Robert Melendez; Longrong Pan; Michael Esposito; Anam Khan; Mao Li; Iris Gomez-Lopez; Philippa Clarke; Grace A. Noppert; Megan Chenoweth; Lindsay Gypin,pollution,polluting_sites_tract20_1987-2021; polluting_sites_zcta20_1987-2021,Census Tract (2020); ZCTA (2020),1987-2021,tract_fips20; year; zcta20,Census Tract,MULTI_SUBFOLDER
38598,current,"Land Cover by Census Tract and ZIP Code Tabulation Area, United States, 1985-2023",V2,4/7/2025,10.3886/ICPSR38598.v2,10.3886/ICPSR38598.v2,,https://www.icpsr.umich.edu/web/ICPSR/studies/38598/versions/V2,Robert Melendez; Philippa Clarke; Longrong Pan; Mao Li; Anam Khan; Iris Gomez-Lopez; Grace Noppert; Megan Chenoweth; Lindsay Gypin,land_cover,landcover_1985-2023,"Census Tract (2010, 2020); ZCTA (2010, 2020)",1985-2023,tract_fips10; year; tract_fips20; zcta10; zcta20,Census Tract,
38605,current,"Public Transit Stops by Census Tract and ZIP Code Tabulation Area, United States, 2016-2018 and 2024",V2,12/11/2024,10.3886/ICPSR38605.v2,10.3886/ICPSR38605.v2,,https://www.icpsr.umich.edu/web/ICPSR/studies/38605/versions/V2,Longrong Pan; Robert Melendez; Philippa Clarke; Grace Noppert; Iris Gomez-Lopez; Megan Chenoweth; Anam Khan; Mao Li; Lindsay Gypin,public_transit,transit_tract2024; transit_tract_2016-2018; transit_zcta2024; transit_zcta_2016-2018,Census Tract (2020); Census Tract; ZCTA (2020); ZCTA (2019),2024; 2016-2018,tract_fips20; tract_fips; zcta20; zcta19,Census Tract,MULTI_SUBFOLDER
38606,current,"Urbanicity by Census Tract, United States, 2010",V1,12/12/2022,10.3886/ICPSR38606.v1,10.3886/ICPSR38606.v1,,https://www.icpsr.umich.edu/web/ICPSR/studies/38606/versions/V1,Stephanie Miller; Robert Melendez; Megan Chenoweth,urbanicity,urbanicity_tract_2010,Census Tract (2010),2010,tract_fips10; tract_fips,Census Tract,
38649,current,"Crimes by County, United States, 2002-2014",V1,1/30/2023,10.3886/ICPSR38649.v1,10.3886/ICPSR38649.v1,,https://www.icpsr.umich.edu/web/ICPSR/studies/38649/versions/V1,Philippa Clarke; Robert Melendez; Megan Chenoweth,crime,crime_county_2002-2014,County,2002-2014,STCOFIPS; year,County,
38858,current,"Weather by County, United States, 2003-2016",V1,9/14/2023,10.3886/ICPSR38858.v1,10.3886/ICPSR38858.v1,,https://www.icpsr.umich.edu/web/ICPSR/studies/38858/versions/V1,Carina Gronlund; Robert Melendez; Lindsay Gypin; Philippa Clarke,weather,cold_days_p1_county_2002-2016; cold_days_p5_county_2002-2016; cold_days_precip_county_2002-2016; freezing_days_county_2002-2016; freezing_days_precip_county_2002-2016; hot_days_p95_county_2002-2016; rainsnow_county_2002-2016; rainy_days_county_2002-2016; snowy_days_county_2002-2016; temp_daily_avg_county_2002-2016,County (2010),2002-2016,stcofips10,County,MULTI_SUBFOLDER
38974,current,"Essential Workers by Census Tract and ZIP Code Tabulation Area, United States, 2016-2020",V1,1/16/2024,10.3886/ICPSR38974.v1,10.3886/ICPSR38974.v1,,https://www.icpsr.umich.edu/web/ICPSR/studies/38974/versions/V1,Kate Duchowny; Robert Melendez; Grace Noppert; Philippa Clarke; Lindsay Gypin,essential_workers,ewrkr_2016-2020,Census Tract (2020); ZCTA (2020),2016-2020,tract_fips20; zcta20,Census Tract,
39093,current,"Home Mortgage Disclosure Act Longitudinal Dataset by Census Tract, United States, 1981-2021",V2,9/12/2024,10.3886/ICPSR39093.v2,10.3886/ICPSR39093.v2,,https://www.icpsr.umich.edu/web/ICPSR/studies/39093/versions/V2,Jad Edlebi; Bruce Mitchell; Jason Richardson; Helen Meier; Liang Chen; Grace Noppert; Lindsay Gypin,HMDA,HMDA,Census Tract (2010),,tract_fips10; year,Census Tract,
39378,current,"Hospitals by Census Tract and ZIP Code Tabulation Area, United States, 2023",V1,5/22/2025,10.3886/ICPSR39378.v1,10.3886/ICPSR39378.v1,,https://www.icpsr.umich.edu/web/ICPSR/studies/39378/versions/V1,Robert Melendez; Longrong Pan; Philippa Clarke; Grace Noppert; Lindsay Gypin,hospitals,2023,"Census Tract (2010, 2020); ZCTA (2010, 2020)",2023,tract_fips10; tract_fips20; zcta10; zcta20,Census Tract,
110663,superseded,"Land Cover by Census Tract, United States, 2001-2016",V1.0,9/11/2019,10.3886/E110663V10,10.3886/E110663,10.3886/ICPSR38598.v2,https://www.openicpsr.org/openicpsr/project/110663,Philippa Clarke; Robert Melendez,land_cover,landcover_tract_2001-2016,Census Tract,2001-2016,tract_fips,Census Tract,
120088,current,Code for merging ZCTA level datasets with the UDS Mapper ZIP code to ZCTA crosswalk,V2.1,3/10/2021,10.3886/E120088V21,10.3886/E120088,,https://archive.icpsr.umich.edu/view/studies/120088,Megan Chenoweth; Anam Khan,,,,,,,NO_O_FILES
127681,current,"Education and Training Services by Census Tract, United States, 2003-2017",V1.4,12/7/2020,10.3886/E127681V14,10.3886/E127681,,https://www.openicpsr.org/openicpsr/project/127681/view,Jessica Finlay; Mao Li; Michael Esposito; Iris Gomez-Lopez; Anam Khan; Philippa Clarke; Megan Chenoweth,education_training,edtrain_tract_2003-2017,Census Tract (2010),2003-2017,tract_fips10; year,Census Tract,
127682,current,"Education and Training Services by ZIP Code Tabulation Area, United States, 2003-2017",V1.4,12/7/2020,10.3886/E127682V14,10.3886/E127682,,https://www.openicpsr.org/openicpsr/project/127682/view,Jessica Finlay; Mao Li; Michael Esposito; Iris Gomez-Lopez; Anam Khan; Philippa Clarke; Megan Chenoweth,education_training,edtrain_zcta_2003-2017,ZCTA (2019),2003-2017,zcta19; year,ZCTA,
141121,current,"Historic Redlining Indicator for 2000, 2010, and 2020 US Census Tracts",V3.6,9/25/2023,10.3886/E141121V36,10.3886/E141121,,https://www.icpsr.umich.edu/sites/nanda/view/studies/141121,Helen C.S. Meier; Bruce C. Mitchell,,,,,,,NO_O_FILES
190141,current,Special Data Release for Neighborhood Context and Alzheimer's Disease and Related Dementias,V1.1,5/11/2023,10.3886/E190141V11,10.3886/E190141,,https://www.openicpsr.org/openicpsr/project/190141/view,Robert Melendez; Philippa Clarke; Lindsay Gypin,,,,,,,NO_O_FILES
200038,current,"Libraries by Census Tract and ZIP Code Tabulation Area, United States, 1992-2021",V5.0,11/5/2025,10.3886/ICPSR200038.V5,10.3886/ICPSR200038.V5,,https://www.icpsr.umich.edu/sites/nanda/view/studies/200038/versions/V5.0,Robert Melendez; Philippa Clarke; William Milton Clary II; Grace Noppert; Lindsay Gypin,libraries,libraries_1992-2020,"Census Tract (2010, 2020); ZCTA (2010, 2020)",1992-2020,tract_fips10; year; tract_fips20; zcta10; zcta20,Census Tract,
207966,current,"Civic, Social, and Religious Organizations by Census Tract and ZCTA, United States, 1990-2022",V2.2,4/7/2026,10.3886/E207966V22,10.3886/E207966,,https://www.icpsr.umich.edu/sites/nanda/view/studies/207966,Robert Melendez; William Milton Clary II; Philippa J. Clarke; Grace A. Noppert; Lindsay Gypin,religious_civic_social_orgs,relcivsoc_1990-2022,"Census Tract (2010, 2020, 2022); ZCTA (2010, 2020)",1990-2022,tract_fips10; year; tract_fips20; tract_fips22; zcta10; zcta20,Census Tract,
208207,current,"Social Services by Census Tract and ZCTA, United States, 1990-2022",V5.1,4/8/2026,10.3886/E208207V51,10.3886/E208207,,https://www.icpsr.umich.edu/sites/nanda/view/studies/208207,Robert Melendez; William Milton Clary II; Philippa J. Clarke; Grace A. Noppert; Lindsay Gypin,social_services,social_services_1990-2022,"Census Tract (2010, 2020, 2022); ZCTA (2010, 2020)",1990-2022,tract_fips10; year; tract_fips20; tract_fips22; zcta10; zcta20,Census Tract,
208366,current,"Post Offices and Banks by Census Tract and ZCTA, United States, 1990-2021",V2.2,2/11/2026,10.3886/E208366V22,10.3886/E208366,,https://www.openicpsr.org/openicpsr/project/208366/view,Robert Melendez; Jessica Finlay; Philippa Clarke; Grace Noppert; Lindsay Gypin; Ellis Dyke,post_offices_banks,pobank_1990-2021,"Census Tract (2010, 2020); ZCTA (2010, 2020)",1990-2021,tract_fips10; year; tract_fips20; zcta20; zcta10,Census Tract,
208682,current,"Retail Establishments by Census Tract and ZCTA, United States, 1990-2022",V2.0,4/9/2026,10.3886/E208682V20,10.3886/E208682,,https://www.icpsr.umich.edu/sites/nanda/view/studies/208682,Robert Melendez; Philippa J. Clarke; Grace A. Noppert; Lindsay Gypin; William Milton Clary II,retail_establishments,retail_1990-2022,"Census Tract (2010, 2020, 2022); ZCTA (2010, 2020)",1990-2022,tract_fips10; year; tract_fips20; tract_fips22; zcta10; zcta20,Census Tract,
208684,current,"Law Enforcement by Census Tract and ZCTA, United States, 1990-2022",V2.2,4/7/2026,10.3886/E208684V22,10.3886/E208684,,https://www.icpsr.umich.edu/sites/nanda/view/studies/208684,Robert Melendez; Philippa J. Clarke; Grace A. Noppert; Lindsay Gypin; William Milton Clary II,law_enforcement,lawenf_1990-2022,"Census Tract (2010, 2020, 2022); ZCTA (2010, 2020)",1990-2022,tract_fips10; year; tract_fips20; tract_fips22; zcta10; zcta20,Census Tract,
208751,current,"Eating and Drinking Places by Census Tract and ZCTA, United States, 1990-2022",V2.0,4/8/2026,10.3886/E208751V20,10.3886/E208751,,https://www.icpsr.umich.edu/sites/nanda/view/studies/208751,Robert Melendez; William Milton Clary II; Philippa J. Clarke; Grace A. Noppert; Lindsay Gypin,eating_drinking,eatdrink_1990-2022,"Census Tract (2010, 2020, 2022); ZCTA (2010, 2020)",1990-2022,tract_fips10; year; tract_fips20; tract_fips22; zcta10; zcta20,Census Tract,
208906,current,"Personal Care Services and Laundry by Census Tract and ZCTA, United States, 1990-2022",V2.3,4/8/2026,10.3886/E208906V23,10.3886/E208906,,https://www.icpsr.umich.edu/sites/nanda/view/studies/208906,Robert Melendez; Philippa J. Clarke; Grace A. Noppert; Lindsay Gypin; William Milton Clary II,personal_care_laundromats,pclaund_tractZCTA_1990-2022,"Census Tract (2010, 2020, 2022); ZCTA (2010, 2020)",1990-2022,tract_fips10; year; tract_fips20; tract_fips22; zcta10; zcta20,Census Tract,
208907,current,"Liquor, Tobacco, Cannabis, Vape, and Convenience Stores by Census Tract and ZCTA, United States, 1990-2022",V2.0,4/9/2026,10.3886/E208907V20,10.3886/E208907,,https://www.icpsr.umich.edu/sites/nanda/view/studies/208907,Robert Melendez; William Milton Clary II; Philippa J. Clarke; Grace A. Noppert; Lindsay Gypin,liquor_tobacco_convenience,lqtbcan_tractZCTA_1990-2022,"Census Tract (2010, 2020, 2022); ZCTA (2010, 2020)",1990-2022,tract_fips10; year; tract_fips20; tract_fips22; zcta10; zcta20,Census Tract,
209050,current,"Healthcare Services by Census Tract and ZCTA, United States, 1990-2022",V2.1,3/31/2026,10.3886/E209050V21,10.3886/E209050,,https://www.icpsr.umich.edu/sites/nanda/view/studies/209050,Robert Melendez; William Milton Clary II; Philippa J. Clarke; Grace A. Noppert; Lindsay Gypin,health_care_nets,health_care_nets_1990-2022,"Census Tract (2010, 2020, 2022); ZCTA (2010, 2020)",1990-2022,tract_fips10; year; tract_fips20; tract_fips22; zcta10; zcta20,Census Tract,
209163,current,"Arts, Entertainment, and Leisure Establishments by Census Tract and ZCTA, United States, 1990-2022",V3.0,4/17/2026,10.3886/E209163V30,10.3886/E209163,,https://www.icpsr.umich.edu/sites/nanda/view/studies/209163,Robert Melendez; William Milton Clary II; Philippa J. Clarke; Grace A. Noppert; Ellis Dyke,arts_entertainment_recreation,artsentleisure_1990-2022,"Census Tract (2010, 2020, 2022); ZCTA (2010, 2020)",1990-2022,tract_fips10; year; tract_fips20; tract_fips22; zcta10; zcta20,Census Tract,
209164,current,"Recreational Establishments by Census Tract and ZCTA, United States, 1990-2022",V3.0,4/9/2026,10.3886/E209164V30,10.3886/E209164,,https://www.icpsr.umich.edu/sites/nanda/view/studies/209164,Robert Melendez; William Milton Clary II; Philippa J. Clarke; Grace A. Noppert; Lindsay Gypin,recreation,recreation_1990-2022,"Census Tract (2010, 2020, 2022); ZCTA (2010, 2020)",1990-2022,tract_fips10; year; tract_fips20; tract_fips22; zcta10; zcta20,Census Tract,
209313,current,"Grocery and Food Stores by Census Tract and ZCTA, United States, 1990-2022",V2.0,4/8/2026,10.3886/E209313V20,10.3886/E209313,,https://www.icpsr.umich.edu/sites/nanda/view/studies/209313,Robert Melendez; William Milton Clary II; Philippa J. Clarke; Grace A. Noppert; Lindsay Gypin,grocery_stores,grocery_1990-2022,"Census Tract (2010, 2020, 2022); ZCTA (2010, 2020)",1990-2022,tract_fips10; year; tract_fips20; tract_fips22; zcta10; zcta20,Census Tract,
209324,current,"Dollar Stores by Census Tract and ZCTA, United States, 1990-2022",V2.1,3/31/2026,10.3886/E209324V21,10.3886/E209324,,https://www.icpsr.umich.edu/sites/nanda/view/studies/209324,Robert Melendez; William Milton Clary II; Philippa J. Clarke; Grace A. Noppert; Lindsay Gypin,dollar_stores,dollar_stores_1990-2022,"Census Tract (2010, 2020, 2022); ZCTA (2010, 2020)",1990-2022,tract_fips10; year; tract_fips20; tract_fips22; zcta10; zcta20,Census Tract,
210581,current,"Standardized Area Deprivation Index by Census Block Group, United States, 2015, 2020 and 2022",V1.9,11/8/2024,10.3886/E210581V19,10.3886/E210581,,https://www.openicpsr.org/openicpsr/project/210581/view,Kimberly Rollings; Robert Melendez; Philippa Clarke; Clemens Noelke; Robert Ressler; Lindsay Gypin,ADI_standardized,ADI_standardized,Block Group,,blkgrp_fips10; blkgrp_fips20,Block Group,
220701,alternate-deposit,"Land Cover by Census Tract and ZIP Code Tabulation Area, United States, 1985- 2023",V1.4,2/25/2025,10.3886/E220701V14,10.3886/E220701,10.3886/ICPSR38598.v2,https://www.openicpsr.org/openicpsr/project/220701/view,Robert Melendez; Philippa Clarke; Longrong Pan; Grace Noppert; Lindsay Gypin; Mao Li; Anam Khan; Iris Gomez-Lopez; Megan Chenoweth,land_cover,landcover_1985-2023,"Census Tract (2010, 2020); ZCTA (2010, 2020)",1985-2023,tract_fips10; year; tract_fips20; zcta10; zcta20,Census Tract,
222263,current,"Ophthalmologists by Census Tract and ZCTA, United States, 1990-2021",V1.2,3/10/2025,10.3886/E222263V12,10.3886/E222263,,https://www.openicpsr.org/openicpsr/project/222263/view,Robert Melendez; Philippa Clarke; Grace Noppert; Lindsay Gypin,opthamologists,opthamologists,"Census Tract (2010, 2020); ZCTA (2010, 2020)",1990-2021,tract_fips10; year; tract_fips20; zcta10; zcta20,Census Tract,
222901,alternate-deposit,"Hospitals by Census Tract and ZCTA, 2023",V1.3,3/14/2025,10.3886/E222901V13,10.3886/E222901,10.3886/ICPSR39378.v1,https://www.openicpsr.org/openicpsr/project/222901/view,Longrong Pan; Robert Melendez; Philippa Clarke; Grace Noppert; Lindsay Gypin,hospitals,2023,"Census Tract (2010, 2020); ZCTA (2010, 2020)",2023,tract_fips10; tract_fips20; zcta10; zcta20,Census Tract,
230941,current,"PRISM Climate of Census Tracts, United States, 1981-2024",V2.5,8/4/2025,10.3886/E230941V25,10.3886/E230941,,https://www.openicpsr.org/openicpsr/project/230941/view,Carina Gronlund; Philippa Clarke; Lindsay Gypin,PRISM,ppt; tmax,"Census Tract (2010, 2020)",2000-2009; 2010-2019,year; tract_fips10; tract_fips20,Census Tract,MULTI_SUBFOLDER
237305,current,"Air Conditioning Probability by Census Tract, United States, 2016",V1.1,8/21/2025,10.3886/E237305V11,10.3886/E237305,,https://www.openicpsr.org/openicpsr/project/237305/view,Carina Gronlund; Robert Melendez; Philippa Clarke; Lindsay Gypin,air_conditioning,air_conditioning,Census Tract (2010),,tract_fips10,Census Tract,
301419,current,"Essential Businesses in Census Tracts or ZIP Code Tabulation Areas, United States, 2020",V1.1,1/12/2026,10.3886/E301419V11,10.3886/ICPSR301419.v1,10.3886/ICPSR301419.v1,https://archive.icpsr.umich.edu/view/studies/301419/versions/V1.1,Robert Melendez; Philippa Clarke; Grace Noppert; Lindsay Gypin,essential_businesses,essential_businesses,"Census Tract (2010, 2020, 2022); ZCTA (2010, 2020)",2020,tract_fips10; year; tract_fips20; tract_fips22; zcta10; zcta20,Census Tract,
302178,current,"Essential Workers by Census Tract and ZIP Code Tabulation Area, United States, 2018-2022",V1.0,1/29/2026,10.3886/E302178V10,10.3886/ICPSR302178.v1,10.3886/ICPSR302178.v1,https://archive.icpsr.umich.edu/view/studies/302178/versions/V1.0,Kate Duchowny; Robert Melendez; Grace Noppert; Philippa Clarke; Lindsay Gypin; William Milton Clary II,essential_workers,ewrkr_2018-2022,"Census Tract (2020, 2022); ZCTA (2020)",2018-2022,tract_fips20; tract_fips22; zcta_fips20,Census Tract,
302343,current,"Training and Vocation Schools by Census Tract and ZCTA, United States, 1990-2022",V1,,10.3886/ICPSR302343.v1,10.3886/ICPSR302343.v1,,https://www.icpsr.umich.edu/sites/icpsr/view/studies/302343/versions/V1.3,Robert Melendez; William Milton Clary II; Philippa Clarke; Grace Noppert; Lindsay Gypin,training_vocation,training_vocation_1990-2022,"Census Tract (2010, 2020, 2022); ZCTA (2010, 2020)",1990-2022,tract_fips10; year; tract_fips20; tract_fips22; zcta10; zcta20,Census Tract,
302937,current,"Broadband Availability by Census Tract and ZIP Code Tabulation Area (ZCTA) United States, 2025",V1,,10.3886/ICPSR302937.v1,10.3886/ICPSR302937.v1,,https://www.icpsr.umich.edu/sites/icpsr/view/studies/302937/versions/V1.1,Robert Melendez; Philippa Clarke; Grace Noppert; Lindsay Gypin,broadband,broadband_tract_zcta_2025,"Census Tract (2020, 2022); ZCTA (2020)",2025,tract_fips20; tract_fips22; zcta20,Census Tract,
305511,current,"Parks and Proximity to Polluting Sites by Census Tract and ZIP Code Tabulation Area (ZCTA), United States, 2024",V1,5/12/2026,10.3886/ICPSR305511.v1,10.3886/ICPSR305511.v1,,https://www.icpsr.umich.edu/sites/nanda/view/studies/305511/versions/V1.1,Elliott Chemberlin; Robert Melendez; Kate Duchowny; Philippa Clarke; Grace Noppert; Lindsay Gypin,parks,parks_tractzcta_2024,"Census Tract (2020, 2022); ZCTA (2020)",2024,tract_fips20; tract_fips22; zcta20,Census Tract,
