study_id,archive,deposit_via,title,version,version_date,version_date_flag,doi,url,authors,publication_year,datacite_version,version_check,datacite_status,datacite_url,topic_folder,geographies,date_range,unique_ids,smallest_geo
38506,ICPSR,legacy,"Voter Registration, Turnout, and Partisanship by County, United States, 2004-2022",V2,10/14/2024,,10.3886/ICPSR38506.v2,https://www.icpsr.umich.edu/sites/icpsr/view/studies/38506,Will Clary; Iris N. Gomez-Lopez; Megan Chenoweth; Lindsay Gypin; Philippa Clarke; Grace Noppert; Mao Li; Ken Kollman,2022,v2,match,resolved,https://www.icpsr.umich.edu/web/ICPSR/studies/38506/versions/V2,,,,,
38528,ICPSR,legacy,"Socioeconomic Status and Demographic Characteristics of Census Tracts and ZIP Code Tabulation Areas, United States, 1990-2022",V6,10/27/2025,,10.3886/ICPSR38528.v6,https://www.openicpsr.org/openicpsr/project/38528/version/V6/view,Philippa Clarke; Robert Melendez; Grace Noppert; Megan Chenoweth; Lindsay Gypin,2022,v6,match,resolved,https://www.icpsr.umich.edu/web/ICPSR/studies/38528/versions/V6,,,,,
38559,ICPSR,legacy,"Internet Access by Census Tract and ZIP Code Tabulation Area, United States, 2015-2019",V1,9/29/2022,,10.3886/ICPSR38559.v1,https://www.icpsr.umich.edu/sites/icpsr/view/studies/38559,Mao Li; Iris Gomez-Lopez; Anam Khan; Philippa Clarke; Megan Chenoweth,2022,v1,match,resolved,https://www.icpsr.umich.edu/web/ICPSR/studies/38559/versions/V1,,,,,
38567,ICPSR,legacy,"Broadband Internet Availability, Speed, and Adoption by Census Tract and ZIP Code Tabulation Area, United States, 2014-2020",V1,11/14/2022,,10.3886/ICPSR38567.v1,https://www.icpsr.umich.edu/sites/icpsr/view/studies/38567,Mao Li; Iris Gomez-Lopez; Anam Khan; Philippa Clarke; Megan Chenoweth,2022,v1,match,resolved,https://www.icpsr.umich.edu/web/ICPSR/studies/38567/versions/V1,,,,,
38569,ICPSR,legacy,"School District Characteristics and School Counts by Census Tract, ZIP Code Tabulation Area, and School District, 2000-2018",V1,10/10/2022,,10.3886/ICPSR38569.v1,https://www.icpsr.umich.edu/sites/icpsr/view/studies/38569,Min Hee Kim; Mao Li; Dominique Sylvers; Michael Esposito; Iris Gomez-Lopez; Philippa Clarke; Megan Chenoweth,2022,v1,match,resolved,https://www.icpsr.umich.edu/web/ICPSR/studies/38569/versions/V1,,,,,
38579,ICPSR,legacy,"Neighborhood-School Gap by Census Tract and ZIP Code Tabulation Area, United States, 2009-2010 and 2015-2016",V2,11/14/2022,,10.3886/ICPSR38579.v2,https://www.icpsr.umich.edu/sites/icpsr/view/studies/38579,Iris Gomez-Lopez; Min Hee Kim; Mao Li; Dominique Sylvers; Michael Esposito; Philippa Clarke; Megan Chenoweth,2022,v2,match,resolved,https://www.icpsr.umich.edu/web/ICPSR/studies/38579/versions/V2,,,,,
38580,ICPSR,legacy,"Street Connectivity by Census Tract and ZIP Code Tabulation Area, United States, 2010 and 2020",V3,11/19/2025,,10.3886/ICPSR38580.v3,https://www.icpsr.umich.edu/sites/icpsr/view/studies/38580,Jennifer Ailshire; Robert Melendez; Megan Chenoweth; Lindsay Gypin,2022,v3,match,resolved,https://www.icpsr.umich.edu/web/ICPSR/studies/38580/versions/V3,,,,,
38584,ICPSR,legacy,"Traffic Volume by Census Tract and ZIP Code Tabulation Area, United States, 1963-2019",V2,11/10/2022,,10.3886/ICPSR38584.v2,https://www.icpsr.umich.edu/sites/icpsr/view/studies/38584,Jessica M. Finlay; Robert Melendez; Michael Esposito; Anam Khan; Mao Li; Iris Gomez-Lopez; Philippa Clarke; Megan Chenoweth,2022,v2,match,resolved,https://www.icpsr.umich.edu/web/ICPSR/studies/38584/versions/V2,,,,,
38585,ICPSR,legacy,"Primary and Secondary Roads by Census Tract and ZIP Code Tabulation Area, United States, 2010 and 2020",V2,5/20/2024,,10.3886/ICPSR38585.v2,https://www.icpsr.umich.edu/sites/icpsr/view/studies/38585,Longrong Pan; Robert Melendez; Philippa Clarke; Grace Noppert; Lindsay Gypin,2022,v2,match,resolved,https://www.icpsr.umich.edu/web/ICPSR/studies/38585/versions/V2,,,,,
38586,ICPSR,legacy,"Parks by Census Tract and ZIP Code Tabulation Area, United States, 2018 and 2022",V2,11/29/2023,,10.3886/ICPSR38586.v2,https://www.icpsr.umich.edu/sites/icpsr/view/studies/38586,Robert Melendez; Longrong Pan; Mao Li; Anam Khan; Iris Gomez-Lopez; Philippa Clarke; Megan Chenoweth; Lindsay Gypin; Birch Chemberlin,2022,v2,match,resolved,https://archive.icpsr.umich.edu/view/studies/38586/versions/V2,,,,,
38597,ICPSR,legacy,"Polluting Sites by Census Tract and ZIP Code Tabulation Area, United States, 1987-2021",V2,12/4/2023,,10.3886/ICPSR38597.v2,https://www.icpsr.umich.edu/sites/icpsr/view/studies/38597,Jessica M. Finlay; Robert Melendez; Longrong Pan; Michael Esposito; Anam Khan; Mao Li; Iris Gomez-Lopez; Philippa Clarke; Grace A. Noppert; Megan Chenoweth; Lindsay Gypin,2022,v2,match,resolved,https://www.icpsr.umich.edu/web/ICPSR/studies/38597/versions/V2,,,,,
38598,ICPSR,legacy,"Land Cover by Census Tract and ZIP Code Tabulation Area, United States, 1985-2023",V2,4/7/2025,,10.3886/ICPSR38598.v2,https://www.icpsr.umich.edu/sites/icpsr/view/studies/38598,Robert Melendez; Philippa Clarke; Longrong Pan; Mao Li; Anam Khan; Iris Gomez-Lopez; Grace Noppert; Megan Chenoweth; Lindsay Gypin,2022,v2,match,resolved,https://www.icpsr.umich.edu/web/ICPSR/studies/38598/versions/V2,,,,,
38605,ICPSR,legacy,"Public Transit Stops by Census Tract and ZIP Code Tabulation Area, United States, 2016-2018 and 2024",V2,12/11/2024,,10.3886/ICPSR38605.v2,https://www.icpsr.umich.edu/sites/icpsr/view/studies/38605,Longrong Pan; Robert Melendez; Philippa Clarke; Grace Noppert; Iris Gomez-Lopez; Megan Chenoweth; Anam Khan; Mao Li; Lindsay Gypin,2023,v2,match,resolved,https://www.icpsr.umich.edu/web/ICPSR/studies/38605/versions/V2,,,,,
38606,ICPSR,legacy,"Urbanicity by Census Tract, United States, 2010",V1,12/12/2022,,10.3886/ICPSR38606.v1,https://www.icpsr.umich.edu/sites/icpsr/view/studies/38606,Stephanie Miller; Robert Melendez; Megan Chenoweth,2022,v1,match,resolved,https://www.icpsr.umich.edu/web/ICPSR/studies/38606/versions/V1,,,,,
38649,ICPSR,legacy,"Crimes by County, United States, 2002-2014",V1,1/30/2023,,10.3886/ICPSR38649.v1,https://www.icpsr.umich.edu/sites/icpsr/view/studies/38649,Philippa Clarke; Robert Melendez; Megan Chenoweth,2023,v1,match,resolved,https://www.icpsr.umich.edu/web/ICPSR/studies/38649/versions/V1,,,,,
38858,ICPSR,legacy,"Weather by County, United States, 2003-2016",V1,9/14/2023,,10.3886/ICPSR38858.v1,https://www.icpsr.umich.edu/sites/icpsr/view/studies/38858,Carina Gronlund; Robert Melendez; Lindsay Gypin; Philippa Clarke,2023,v1,match,resolved,https://www.icpsr.umich.edu/web/ICPSR/studies/38858/versions/V1,,,,,
38974,ICPSR,legacy,"Essential Workers by Census Tract and ZIP Code Tabulation Area, United States, 2016-2020",V1,1/16/2024,,10.3886/ICPSR38974.v1,https://www.icpsr.umich.edu/sites/icpsr/view/studies/38974,Kate Duchowny; Robert Melendez; Grace Noppert; Philippa Clarke; Lindsay Gypin,2024,v1,match,resolved,https://www.icpsr.umich.edu/web/ICPSR/studies/38974/versions/V1,,,,,
39093,ICPSR,legacy,"Home Mortgage Disclosure Act Longitudinal Dataset by Census Tract, United States, 1981-2021",V2,9/12/2024,,10.3886/ICPSR39093.v2,https://www.icpsr.umich.edu/sites/icpsr/view/studies/39093,Jad Edlebi; Bruce Mitchell; Jason Richardson; Helen Meier; Liang Chen; Grace Noppert; Lindsay Gypin,2024,v2,match,resolved,https://www.icpsr.umich.edu/web/ICPSR/studies/39093/versions/V2,,,,,
39378,ICPSR,legacy,"Hospitals by Census Tract and ZIP Code Tabulation Area, United States, 2023",V1,5/22/2025,,10.3886/ICPSR39378.v1,https://www.icpsr.umich.edu/sites/icpsr/view/studies/39378,Robert Melendez; Longrong Pan; Philippa Clarke; Grace Noppert; Lindsay Gypin,2025,v1,match,resolved,https://www.icpsr.umich.edu/web/ICPSR/studies/39378/versions/V1,,,,,
110663,openICPSR,legacy,"Land Cover by Census Tract, United States, 2001-2016",V1.0,9/11/2019,,10.3886/E110663V10,https://www.openicpsr.org/openicpsr/project/110663/version/V1/view,Philippa Clarke; Robert Melendez,2020,V0,E-style: datacite=V0 (seed authoritative),resolved-via-base,https://www.openicpsr.org/openicpsr/project/110663,,,,,
120088,openICPSR,legacy,Code for merging ZCTA level datasets with the UDS Mapper ZIP code to ZCTA crosswalk,V2.1,3/10/2021,,10.3886/E120088V21,https://www.icpsr.umich.edu/sites/icpsr/view/studies/120088,Megan Chenoweth; Anam Khan,2021,v0,E-style: datacite=v0 (seed authoritative),resolved-via-base,https://archive.icpsr.umich.edu/view/studies/120088,,,,,
127681,openICPSR,legacy,"Education and Training Services by Census Tract, United States, 2003-2017",V1.4,12/7/2020,,10.3886/E127681V14,https://www.icpsr.umich.edu/sites/icpsr/view/studies/127681,Jessica Finlay; Mao Li; Michael Esposito; Iris Gomez-Lopez; Anam Khan; Philippa Clarke; Megan Chenoweth,2020,V0,E-style: datacite=V0 (seed authoritative),resolved-via-base,https://www.openicpsr.org/openicpsr/project/127681/view,,,,,
127682,openICPSR,legacy,"Education and Training Services by ZIP Code Tabulation Area, United States, 2003-2017",V1.4,12/7/2020,,10.3886/E127682V14,https://www.icpsr.umich.edu/sites/icpsr/view/studies/127682,Jessica Finlay; Mao Li; Michael Esposito; Iris Gomez-Lopez; Anam Khan; Philippa Clarke; Megan Chenoweth,2020,V0,E-style: datacite=V0 (seed authoritative),resolved-via-base,https://www.openicpsr.org/openicpsr/project/127682/view,,,,,
141121,openICPSR,legacy,"Historic Redlining Indicator for 2000, 2010, and 2020 US Census Tracts",V3.6,9/25/2023,,10.3886/E141121V36,https://www.icpsr.umich.edu/sites/icpsr/view/studies/141121,Helen C.S. Meier; Bruce C. Mitchell,2026,V0,E-style: datacite=V0 (seed authoritative),resolved-via-base,https://www.icpsr.umich.edu/sites/nanda/view/studies/141121,,,,,
190141,openICPSR,legacy,Special Data Release for Neighborhood Context and Alzheimer's Disease and Related Dementias,V1.1,5/11/2023,,10.3886/E190141V11,https://www.icpsr.umich.edu/sites/icpsr/view/studies/190141,Robert Melendez; Philippa Clarke; Lindsay Gypin,2023,v0,E-style: datacite=v0 (seed authoritative),resolved-via-base,https://www.openicpsr.org/openicpsr/project/190141/view,,,,,
200038,openICPSR,RDE,"Libraries by Census Tract and ZIP Code Tabulation Area, United States, 1992-2021",V5.0,11/5/2025,,10.3886/ICPSR200038.V5,https://www.icpsr.umich.edu/sites/nanda/view/studies/200038/versions/V5.0,Robert Melendez; Philippa Clarke; William Milton Clary II; Grace Noppert; Lindsay Gypin,2026,V5,match,resolved,https://www.icpsr.umich.edu/sites/nanda/view/studies/200038/versions/V5.0,,,,,
207966,openICPSR,legacy,"Civic, Social, and Religious Organizations by Census Tract and ZCTA, United States, 1990-2022",V2.2,4/7/2026,,10.3886/E207966V22,https://www.icpsr.umich.edu/sites/icpsr/view/studies/207966,Robert Melendez; William Milton Clary II; Philippa J. Clarke; Grace A. Noppert; Lindsay Gypin,2026,V0,E-style: datacite=V0 (seed authoritative),resolved-via-base,https://www.icpsr.umich.edu/sites/nanda/view/studies/207966,,,,,
208207,openICPSR,legacy,"Social Services by Census Tract and ZCTA, United States, 1990-2022",V5.1,4/8/2026,,10.3886/E208207V51,https://www.icpsr.umich.edu/sites/icpsr/view/studies/208207,Robert Melendez; William Milton Clary II; Philippa J. Clarke; Grace A. Noppert; Lindsay Gypin,2026,V0,E-style: datacite=V0 (seed authoritative),resolved-via-base,https://www.icpsr.umich.edu/sites/nanda/view/studies/208207,,,,,
208366,openICPSR,legacy,"Post Offices and Banks by Census Tract and ZCTA, United States, 1990-2021",V2.2,2/11/2026,,10.3886/E208366V22,https://www.icpsr.umich.edu/sites/icpsr/view/studies/208366,Robert Melendez; Jessica Finlay; Philippa Clarke; Grace Noppert; Lindsay Gypin; Ellis Dyke,2024,v0,E-style: datacite=v0 (seed authoritative),resolved-via-base,https://www.openicpsr.org/openicpsr/project/208366/view,,,,,
208682,openICPSR,legacy,"Retail Establishments by Census Tract and ZCTA, United States, 1990-2022",V2.0,4/9/2026,,10.3886/E208682V20,https://www.icpsr.umich.edu/sites/icpsr/view/studies/208682,Robert Melendez; Philippa J. Clarke; Grace A. Noppert; Lindsay Gypin; William Milton Clary II,2026,V0,E-style: datacite=V0 (seed authoritative),resolved-via-base,https://www.icpsr.umich.edu/sites/nanda/view/studies/208682,,,,,
208684,openICPSR,legacy,"Law Enforcement by Census Tract and ZCTA, United States, 1990-2022",V2.2,4/7/2026,,10.3886/E208684V22,https://www.icpsr.umich.edu/sites/icpsr/view/studies/208684,Robert Melendez; Philippa J. Clarke; Grace A. Noppert; Lindsay Gypin; William Milton Clary II,2026,V0,E-style: datacite=V0 (seed authoritative),resolved-via-base,https://www.icpsr.umich.edu/sites/nanda/view/studies/208684,,,,,
208751,openICPSR,legacy,"Eating and Drinking Places by Census Tract and ZCTA, United States, 1990-2022",V2.0,4/8/2026,,10.3886/E208751V20,https://www.icpsr.umich.edu/sites/icpsr/view/studies/208751,Robert Melendez; William Milton Clary II; Philippa J. Clarke; Grace A. Noppert; Lindsay Gypin,2026,V0,E-style: datacite=V0 (seed authoritative),resolved-via-base,https://www.icpsr.umich.edu/sites/nanda/view/studies/208751,,,,,
208906,openICPSR,legacy,"Personal Care Services and Laundry by Census Tract and ZCTA, United States, 1990-2022",V2.3,4/8/2026,,10.3886/E208906V23,https://www.icpsr.umich.edu/sites/icpsr/view/studies/208906,Robert Melendez; Philippa J. Clarke; Grace A. Noppert; Lindsay Gypin; William Milton Clary II,2026,V0,E-style: datacite=V0 (seed authoritative),resolved-via-base,https://www.icpsr.umich.edu/sites/nanda/view/studies/208906,,,,,
208907,openICPSR,legacy,"Liquor, Tobacco, Cannabis, Vape, and Convenience Stores by Census Tract and ZCTA, United States, 1990-2022",V2.0,4/9/2026,,10.3886/E208907V20,https://www.icpsr.umich.edu/sites/icpsr/view/studies/208907,Robert Melendez; William Milton Clary II; Philippa J. Clarke; Grace A. Noppert; Lindsay Gypin,2026,V0,E-style: datacite=V0 (seed authoritative),resolved-via-base,https://www.icpsr.umich.edu/sites/nanda/view/studies/208907,,,,,
209050,openICPSR,legacy,"Healthcare Services by Census Tract and ZCTA, United States, 1990-2022",V2.1,3/31/2026,,10.3886/E209050V21,https://www.icpsr.umich.edu/sites/icpsr/view/studies/209050,Robert Melendez; William Milton Clary II; Philippa J. Clarke; Grace A. Noppert; Lindsay Gypin,2026,V0,E-style: datacite=V0 (seed authoritative),resolved-via-base,https://www.icpsr.umich.edu/sites/nanda/view/studies/209050,,,,,
209163,openICPSR,legacy,"Arts, Entertainment, and Leisure Establishments by Census Tract and ZCTA, United States, 1990-2022",V3.0,4/17/2026,,10.3886/E209163V30,https://www.icpsr.umich.edu/sites/icpsr/view/studies/209163,Robert Melendez; William Milton Clary II; Philippa J. Clarke; Grace A. Noppert; Ellis Dyke,2026,V0,E-style: datacite=V0 (seed authoritative),resolved-via-base,https://www.icpsr.umich.edu/sites/nanda/view/studies/209163,,,,,
209164,openICPSR,legacy,"Recreational Establishments by Census Tract and ZCTA, United States, 1990-2022",V3.0,4/9/2026,,10.3886/E209164V30,https://www.icpsr.umich.edu/sites/icpsr/view/studies/209164,Robert Melendez; William Milton Clary II; Philippa J. Clarke; Grace A. Noppert; Lindsay Gypin,2026,V0,E-style: datacite=V0 (seed authoritative),resolved-via-base,https://www.icpsr.umich.edu/sites/nanda/view/studies/209164,,,,,
209313,openICPSR,legacy,"Grocery and Food Stores by Census Tract and ZCTA, United States, 1990-2022",V2.0,4/8/2026,,10.3886/E209313V20,https://www.icpsr.umich.edu/sites/icpsr/view/studies/209313,Robert Melendez; William Milton Clary II; Philippa J. Clarke; Grace A. Noppert; Lindsay Gypin,2026,V0,E-style: datacite=V0 (seed authoritative),resolved-via-base,https://www.icpsr.umich.edu/sites/nanda/view/studies/209313,,,,,
209324,openICPSR,legacy,"Dollar Stores by Census Tract and ZCTA, United States, 1990-2022",V2.1,3/31/2026,,10.3886/E209324V21,https://www.icpsr.umich.edu/sites/icpsr/view/studies/209324,Robert Melendez; William Milton Clary II; Philippa J. Clarke; Grace A. Noppert; Lindsay Gypin,2026,V0,E-style: datacite=V0 (seed authoritative),resolved-via-base,https://www.icpsr.umich.edu/sites/nanda/view/studies/209324,,,,,
210581,openICPSR,legacy,"Standardized Area Deprivation Index by Census Block Group, United States, 2015, 2020 and 2022",V1.9,11/8/2024,,10.3886/E210581V19,https://www.icpsr.umich.edu/sites/icpsr/view/studies/210581,Kimberly Rollings; Robert Melendez; Philippa Clarke; Clemens Noelke; Robert Ressler; Lindsay Gypin,2024,v0,E-style: datacite=v0 (seed authoritative),resolved-via-base,https://www.openicpsr.org/openicpsr/project/210581/view,,,,,
220701,openICPSR,legacy,"Land Cover by Census Tract and ZIP Code Tabulation Area, United States, 1985- 2023",V1.4,2/25/2025,,10.3886/E220701V14,https://www.icpsr.umich.edu/sites/icpsr/view/studies/220701,Robert Melendez; Philippa Clarke; Longrong Pan; Grace Noppert; Lindsay Gypin; Mao Li; Anam Khan; Iris Gomez-Lopez; Megan Chenoweth,2025,v0,E-style: datacite=v0 (seed authoritative),resolved-via-base,https://www.openicpsr.org/openicpsr/project/220701/view,,,,,
222263,openICPSR,legacy,"Ophthalmologists by Census Tract and ZCTA, United States, 1990-2021",V1.2,3/10/2025,,10.3886/E222263V12,https://www.icpsr.umich.edu/sites/icpsr/view/studies/222263,Robert Melendez; Philippa Clarke; Grace Noppert; Lindsay Gypin,2025,v0,E-style: datacite=v0 (seed authoritative),resolved-via-base,https://www.openicpsr.org/openicpsr/project/222263/view,,,,,
222901,openICPSR,legacy,"Hospitals by Census Tract and ZCTA, 2023",V1.3,3/14/2025,,10.3886/E222901V13,https://www.icpsr.umich.edu/sites/icpsr/view/studies/222901,Longrong Pan; Robert Melendez; Philippa Clarke; Grace Noppert; Lindsay Gypin,2025,v0,E-style: datacite=v0 (seed authoritative),resolved-via-base,https://www.openicpsr.org/openicpsr/project/222901/view,,,,,
230941,openICPSR,legacy,"PRISM Climate of Census Tracts, United States, 1981-2024",V2.5,8/4/2025,,10.3886/E230941V25,https://www.icpsr.umich.edu/sites/icpsr/view/studies/230941,Carina Gronlund; Philippa Clarke; Lindsay Gypin,2025,v0,E-style: datacite=v0 (seed authoritative),resolved-via-base,https://www.openicpsr.org/openicpsr/project/230941/view,,,,,
237305,openICPSR,legacy,"Air Conditioning Probability by Census Tract, United States, 2016",V1.1,8/21/2025,,10.3886/E237305V11,https://www.icpsr.umich.edu/sites/icpsr/view/studies/237305,Carina Gronlund; Robert Melendez; Philippa Clarke; Lindsay Gypin,2025,v0,E-style: datacite=v0 (seed authoritative),resolved-via-base,https://www.openicpsr.org/openicpsr/project/237305/view,,,,,
301419,openICPSR,RDE,"Essential Businesses in Census Tracts or ZIP Code Tabulation Areas, United States, 2020",V1.1,1/12/2026,,10.3886/E301419V11,https://www.icpsr.umich.edu/sites/icpsr/view/studies/301419,,,,datacite-unresolved,UNRESOLVED,,,,,,
302178,openICPSR,RDE,"Essential Workers by Census Tract and ZIP Code Tabulation Area, United States, 2018-2022",V1.0,1/29/2026,,10.3886/E302178V10,https://www.icpsr.umich.edu/sites/icpsr/view/studies/302178,,,,datacite-unresolved,UNRESOLVED,,,,,,
302343,openICPSR,RDE,"Training and Vocation Schools by Census Tract and ZCTA, United States, 1990-2022",V1,,BLANK_IN_SEED,10.3886/ICPSR302343.v1,https://www.icpsr.umich.edu/sites/icpsr/view/studies/302343,Robert Melendez; William Milton Clary II; Philippa Clarke; Grace Noppert; Lindsay Gypin,2026,V1,match,resolved,https://www.icpsr.umich.edu/sites/icpsr/view/studies/302343/versions/V1.3,,,,,
302937,openICPSR,RDE,"Broadband Availability by Census Tract and ZIP Code Tabulation Area (ZCTA) United States, 2025",V1,,BLANK_IN_SEED,10.3886/ICPSR302937.v1,https://www.icpsr.umich.edu/sites/icpsr/view/studies/302937,Robert Melendez; Philippa Clarke; Grace Noppert; Lindsay Gypin,2026,V1,match,resolved,https://www.icpsr.umich.edu/sites/icpsr/view/studies/302937/versions/V1.1,,,,,
305511,ICPSR,legacy,"Parks and Proximity to Polluting Sites by Census Tract and ZIP Code Tabulation Area (ZCTA), United States, 2024",V1,5/12/2026,,10.3886/ICPSR305511.v1,https://www.icpsr.umich.edu/sites/icpsr/view/studies/305511,Elliott Chemberlin; Robert Melendez; Kate Duchowny; Philippa Clarke; Grace Noppert; Lindsay Gypin,2026,V1,match,resolved,https://www.icpsr.umich.edu/sites/nanda/view/studies/305511/versions/V1.1,,,,,
